CP,CV,PA,PAV,ACT
-0.04379027,0.012141046,0.034535583,-0.006921034,1
-0.043547448,0.20675112,0.034397162,-0.28851065,1
-0.039412424,0.4013661,0.02862695,-0.57014966,0
-0.031385105,0.20585462,0.017223958,-0.26858744,0
-0.027268011,0.010491163,0.011852209,0.029477896,1
-0.027058188,0.20544116,0.012441766,-0.2594421,1
-0.022949364,0.4003833,0.007252925,-0.5481749,0
-0.014941698,0.20516022,-0.003710573,-0.2532156,0
-0.010838494,0.010091445,-0.008774885,0.038294617,1
-0.010636665,0.20533812,-0.008008993,-0.2571439,0
-0.006529903,0.010331424,-0.013151871,0.03300214,1
-0.006323274,0.20563948,-0.012491829,-0.26380116,0
-0.002210485,0.010698044,-0.017767852,0.02491569,1
-0.001996524,0.20607023,-0.017269537,-0.2733198,0
0.002124881,0.011198899,-0.022735935,0.013866613,1
0.002348859,0.20663941,-0.022458602,-0.28590217,0
0.006481647,0.011844835,-0.028176645,-0.000386274,1
0.006718544,0.20735931,-0.028184371,-0.30182442,0
0.01086573,0.012650162,-0.03422086,-0.018161792,1
0.011118733,0.20824574,-0.034584094,-0.32144237,0
0.015283648,0.013632922,-0.041012943,-0.03986338,1
0.015556307,0.20931827,-0.04181021,-0.345199,0
0.019742671,0.01481524,-0.04871419,-0.06598804,0
0.020038977,-0.17957567,-0.05003395,0.2109361,1
0.016447464,0.016224645,-0.04581523,-0.09710067,0
0.016771957,-0.17821175,-0.047757242,0.18078291,1
0.013207722,0.017559903,-0.044141583,-0.12657504,0
0.01355892,-0.1769028,-0.046673086,0.15186147,0
0.010020863,-0.37132645,-0.043635856,0.42946243,1
0.002594335,-0.17561458,-0.035046607,0.12334923,0
-0.000917957,-0.37021735,-0.032579623,0.40477255,1
-0.008322304,-0.1746489,-0.02448417,0.10199881,0
-0.011815283,-0.36941156,-0.022444194,0.3868576,1
-0.019203514,-0.17397831,-0.014707042,0.087183535,0
-0.02268308,-0.36888638,-0.012963371,0.37519032,1
-0.030060807,-0.17358273,-0.005459565,0.078448325,0
-0.033532463,-0.368626,-0.003890598,0.36940375,1
-0.04090498,-0.17344898,0.003497477,0.07549662,0
-0.044373963,-0.3686209,0.00500741,0.36928096,1
-0.05174638,-0.17357045,0.012393029,0.078181125,0
-0.055217788,-0.36886784,0.013956651,0.3747482,1
-0.062595144,-0.17394689,0.021451615,0.08649836,0
-0.06607408,-0.36936966,0.023181582,0.38587135,1
-0.07346147,-0.17458434,0.030899009,0.10058665,0
-0.076953165,-0.3701352,0.032910742,0.40285575,1
-0.08435587,-0.17549509,0.04096786,0.12072774,1
-0.08786577,0.019016687,0.043382414,-0.15875393,0
-0.08748543,-0.17669865,0.040207334,0.14729328,1
-0.09101941,0.017825143,0.0431532,-0.13243881,0
-0.090662904,-0.17788753,0.040504422,0.17354001,1
-0.09422065,0.016632013,0.043975223,-0.10609496,1
-0.093888015,0.21109709,0.041853324,-0.38458604,0
-0.089666076,0.015406709,0.034161605,-0.07900622,1
-0.08935794,0.21002272,0.03258148,-0.36071834,0
-0.085157484,0.014453145,0.025367113,-0.05794242,1
-0.08486842,0.20920236,0.024208264,-0.34251514,0
-0.08068437,0.013744518,0.017357962,-0.042297736,0
-0.08040948,-0.18162198,0.016512007,0.25581086,1
-0.08404192,0.01326037,0.021628223,-0.031618517,1
-0.08377672,0.2080656,0.020995853,-0.3173998,0
-0.07961541,0.012650983,0.014647857,-0.018170172,1
-0.079362385,0.20755984,0.014284454,-0.30619577,0
-0.07521119,0.012237277,0.008160538,-0.009042338,1
-0.074966446,0.20724125,0.007979692,-0.29913938,0
-0.07082162,0.012006469,0.001996904,-0.003950534,1
-0.07058149,0.20709972,0.001917893,-0.29600275,0
-0.066439494,0.011950485,-0.004002162,-0.002715563,1
-0.06620049,0.2071296,-0.004056473,-0.29665852,0
-0.062057894,0.012065714,-0.009989644,-0.005257702,1
-0.061816577,0.2073295,-0.010094797,-0.30107567,0
-0.05766999,0.012352871,-0.016116312,-0.011593449,1
-0.057422932,0.2077022,-0.01634818,-0.30931738,0
-0.053268887,0.012816947,-0.022534527,-0.021834716,1
-0.053012546,0.2082547,-0.022971222,-0.3215415,0
-0.048847456,0.013467273,-0.029402051,-0.036190394,1
-0.04857811,0.20899825,-0.03012586,-0.33800304,0
-0.044398144,0.01431765,-0.03688592,-0.05497032,0
-0.044111792,-0.18025653,-0.03798533,0.22585042,1
-0.04771692,0.015387128,-0.033468317,-0.07856837,0
-0.047409177,-0.17923945,-0.035039686,0.20337015,1
-0.050993968,0.016365629,-0.030972283,-0.10015692,0
-0.050666656,-0.17829907,-0.03297542,0.18259569,1
-0.054232635,0.017278833,-0.029323507,-0.120304696,0
-0.053887058,-0.17741099,-0.0317296,0.16298461,1
-0.057435278,0.018150486,-0.028469909,-0.13953689,0
-0.05707227,-0.17655239,-0.031260647,0.14403003,1
-0.060603317,0.01900299,-0.028380046,-0.15834883,0
-0.06022326,-0.1757014,-0.03154702,0.12524752,0
-0.06373729,-0.3703575,-0.029042073,0.40781316,1
-0.07114444,-0.17483607,-0.02088581,0.10611748,0
-0.07464116,-0.3696526,-0.01876346,0.39213854,1
-0.08203421,-0.17426945,-0.010920689,0.0935993,0
-0.0855196,-0.3692332,-0.009048703,0.38281685,1
-0.09290426,-0.17398395,-0.001392367,0.08729467,0
-0.096383944,-0.3690859,0.000353527,0.37953797,1
-0.10376566,-0.17396899,0.007944287,0.086966544,0
-0.107245035,-0.3692039,0.009683617,0.3821453,1
-0.11462912,-0.17422077,0.017326523,0.09253124,1
-0.11811353,0.020648604,0.019177148,-0.19463521,0
-0.11770056,-0.17474234,0.015284443,0.10403506,0
-0.121195406,-0.37007996,0.017365145,0.4015007,1
-0.128597,-0.17520857,0.025395159,0.11434279,1
-0.13210118,0.019540472,0.027682014,-0.17022121,0
-0.13171037,-0.17596653,0.02427759,0.13106443,1
-0.13522969,0.018799385,0.02689888,-0.15386145,0
-0.1348537,-0.17669718,0.02382165,0.14718463,1
-0.13838765,0.01807568,0.026765343,-0.13788886,0
-0.13802615,-0.1774192,0.024007564,0.1631165,1
-0.14157453,0.01735099,0.027269894,-0.12189706,0
-0.1412275,-0.17815083,0.024831954,0.179263,1
-0.14479052,0.016607137,0.028417213,-0.105484046,0
-0.14445838,-0.17891029,0.026307533,0.19602722,1
-0.14803658,0.015825683,0.030228077,-0.088242136,0
-0.14772007,-0.17971621,0.028463235,0.21382242,1
-0.1513144,0.014987478,0.032739684,-0.06974776,1
-0.15101464,0.20962512,0.031344727,-0.35192403,0
-0.14682214,0.014071779,0.024306247,-0.049524255,1
-0.1465407,0.20883693,0.023315761,-0.33444035,0
-0.14236397,0.013391025,0.016626956,-0.034496967,1
-0.14209615,0.20827064,0.015937015,-0.32188788,0
-0.13793074,0.012925412,0.009499258,-0.024221966,1
-0.13767223,0.20790985,0.009014819,-0.3138927,0
-0.13351403,0.012660653,0.002736965,-0.018380474,1
-0.13326082,0.20774324,0.002369355,-0.3101986,0
-0.12910596,0.012587618,-0.003834617,-0.01676939,1
-0.1288542,0.20776436,-0.004170004,-0.3106597,0
-0.124698915,0.01270206,-0.010383199,-0.019294795,1
-0.12444487,0.20797136,-0.010769094,-0.31523558,0
-0.120285444,0.013004458,-0.017073806,-0.02596822,0
-0.12002535,-0.18186854,-0.01759317,0.2612792,1
-0.123662725,0.013500082,-0.012367587,-0.03690049,1
-0.12339272,0.20879719,-0.013105596,-0.3334597,0
-0.11921678,0.013864192,-0.01977479,-0.044938274,0
-0.1189395,-0.1809687,-0.020673556,0.24144052,1
-0.12255887,0.014442371,-0.015844746,-0.05769105,0
-0.122270025,-0.18044886,-0.016998567,0.22995093,1
-0.125879,0.014911829,-0.012399548,-0.068045095,0
-0.12558076,-0.18003018,-0.01376045,0.22070006,1
-0.12918137,0.015285735,-0.009346449,-0.07629151,0
-0.12887566,-0.17970099,-0.010872279,0.21342798,1
-0.13246967,0.015574703,-0.006603719,-0.08266463,0
-0.13215818,-0.17945197,-0.008257012,0.20792751,1
-0.13574722,0.015787074,-0.004098462,-0.087348595,0
-0.13543148,-0.17927589,-0.005845434,0.20403844,1
-0.139017,0.015929166,-0.001764665,-0.09048268,0
-0.13869841,-0.17916745,-0.003574318,0.20164298,1
-0.14228176,0.016005442,0.000458541,-0.092165336,0
-0.14196165,-0.17912307,-0.001384765,0.20066223,1
-0.14554411,0.01601865,0.002628479,-0.092457205,1
-0.14522374,0.21110283,0.000779335,-0.38430968,0
-0.14100169,0.01596982,-0.006906859,-0.09138115,0
-0.14068228,-0.17905246,-0.008734482,0.1991147,1
-0.14426334,0.016193328,-0.004752188,-0.09631072,0
-0.14393947,-0.17886019,-0.006678402,0.19486912,1
-0.14751667,0.01635665,-0.00278102,-0.09991305,0
-0.14718954,-0.17872533,-0.004779281,0.19189118,1
-0.15076405,0.01646466,-0.000941458,-0.10229558,0
-0.15043475,-0.1786438,-0.002987369,0.19009018,1
-0.15400763,0.016520774,0.000814434,-0.10353365,0
-0.15367721,-0.17861284,-0.001256239,0.18940613,1
-0.15724947,0.016527062,0.002531884,-0.10367283,0
-0.15691893,-0.17863108,0.000458427,0.18980782,1
-0.16049156,0.016484309,0.004254584,-0.10273046,0
-0.16016187,-0.17869836,0.002199974,0.19129173,1
-0.16373584,0.016392054,0.006025809,-0.100696385,0
-0.163408,-0.17881574,0.004011882,0.19388157,1
-0.1669843,0.016248597,0.007889513,-0.09753309,0
-0.16665934,-0.17898554,0.005938851,0.19762848,1
-0.17023905,0.01605097,0.009891421,-0.0931751,0
-0.16991803,-0.17921135,0.008027919,0.20261207,1
-0.17350225,0.015794877,0.01208016,-0.087527655,0
-0.17318635,-0.17949812,0.010329607,0.20894197,1
-0.17677632,0.015474609,0.014508447,-0.08046469,0
-0.17646682,-0.17985229,0.012899153,0.21676014,1
-0.18006387,0.015082913,0.017234355,-0.07182608,0
-0.17976221,-0.18028182,0.015797835,0.22624417,1
-0.18336785,0.014610832,0.020322718,-0.061413974,1
-0.18307564,0.2094356,0.019094437,-0.3476163,0
-0.17888692,0.014047329,0.012142112,-0.04897391,1
-0.17860597,0.20899309,0.011162634,-0.3378013,0
-0.17442611,0.013714084,0.004406608,-0.041619297,0
-0.17415182,-0.18147078,0.003574222,0.2524507,1
-0.17778124,0.013599953,0.008623236,-0.03910272,0
-0.17750925,-0.18164459,0.007841181,0.2562884,1
-0.18114214,0.01336454,0.01296695,-0.03391101,1
-0.18087485,0.20829816,0.012288729,-0.3224747,0
-0.17670888,0.013003397,0.005839236,-0.02594186,1
-0.17644882,0.20804112,0.005320398,-0.31677672,0
-0.172288,0.012843797,-0.001015137,-0.0224207,1
-0.17203112,0.20798029,-0.001463551,-0.31542376,0
-0.1678715,0.012879218,-0.007772025,-0.02320273,1
-0.16761392,0.20811176,-0.00823608,-0.31832764,0
-0.16345169,0.013108075,-0.014602633,-0.028253423,0
-0.16318953,-0.18180145,-0.015167701,0.25978667,1
-0.16682556,0.013533704,-0.009971968,-0.03764149,0
-0.16655488,-0.18144384,-0.010724798,0.25187856,1
-0.17018376,0.013829603,-0.005687226,-0.044167772,1
-0.16990717,0.20903264,-0.006570582,-0.33863965,0
-0.16572651,0.014004801,-0.013343374,-0.048035923,0
-0.16544642,-0.1809233,-0.014304093,0.24040736,1
-0.1690649,0.014400034,-0.009495946,-0.056752924,0
-0.16877688,-0.18058448,-0.010631004,0.2329189,1
-0.17238858,0.014687744,-0.005972626,-0.06309835,0
-0.17209482,-0.18034807,-0.007234593,0.22769421,1
-0.17570178,0.014876521,-0.002680709,-0.067261964,0
-0.17540425,-0.1802069,-0.004025948,0.22457398,1
-0.1790084,0.014972365,0.000465532,-0.069376156,0
-0.17870894,-0.18015626,-0.000921992,0.22345361,1
-0.18231207,0.01497886,0.003547081,-0.069520004,0
-0.1820125,-0.18019377,0.00215668,0.22427993,1
-0.18561637,0.014897295,0.006642279,-0.06772192,0
-0.18531843,-0.18031925,0.005287841,0.22704926,1
-0.1889248,0.014726731,0.009828826,-0.06396101,0
-0.18863027,-0.18053475,0.008549606,0.2318067,1
-0.19224097,0.014463997,0.01318574,-0.058167182,1
-0.19195169,0.20939443,0.012022396,-0.3466609,0
-0.1877638,0.014103553,0.005089178,-0.050211273,0
-0.18748173,-0.181091,0.004084952,0.24407297,1
-0.19110355,0.013972366,0.008966411,-0.04731866,1
-0.1908241,0.2089646,0.008020039,-0.33715916,0
-0.18664481,0.013729448,0.001276855,-0.041957986,1
-0.18637022,0.20883307,0.000437695,-0.33423778,0
-0.18219356,0.013704889,-0.00624706,-0.04141686,0
-0.18191946,-0.18132693,-0.007075397,0.24928853,1
-0.185546,0.013895349,-0.002089627,-0.045617703,1
-0.18526809,0.2090472,-0.003001981,-0.3389592,0
-0.18108715,0.013968095,-0.009781165,-0.047224432,0
-0.18080778,-0.18101224,-0.010725654,0.24235648,1
-0.18442804,0.014261258,-0.005878524,-0.053690217,0
-0.1841428,-0.18077591,-0.006952328,0.2371322,1
-0.18775833,0.014444671,-0.002209684,-0.05773556,0
-0.18746942,-0.18064553,-0.003364395,0.23424938,1
-0.19108234,0.014524331,0.001320592,-0.059492882,0
-0.19079186,-0.18061653,0.000130735,0.23360641,1
-0.19440418,0.014503553,0.004802863,-0.05903528,0
-0.19411412,-0.18068694,0.003622157,0.23515911,1
-0.19772784,0.014383081,0.008325339,-0.05637908,0
-0.19744019,-0.18085724,0.007197758,0.23891889,1
-0.20105733,0.014161144,0.011976136,-0.051485002,0
-0.20077412,-0.18113047,0.010946436,0.2449523,1
-0.20439672,0.013833442,0.015845481,-0.044257846,1
-0.20412005,0.20872463,0.014960324,-0.33189955,0
-0.19994555,0.013392968,0.008322334,-0.03453668,0
-0.1996777,-0.18184733,0.0076316,0.26076037,1
-0.20331465,0.013164849,0.012846807,-0.029505717,0
-0.20305134,-0.18213895,0.012256693,0.26720268,1
-0.20669413,0.012805946,0.017600747,-0.021589337,1
-0.206438,0.20767112,0.01716896,-0.30866748,0
-0.20228459,0.012308799,0.010995611,-0.010619753,1
-0.2020384,0.20727135,0.010783215,-0.29981324,0
-0.19789298,0.011997367,0.00478695,-0.003749108,1
-0.19765304,0.20705034,0.004711968,-0.29491785,0
-0.19351204,0.01186153,-0.001186389,-0.00075258,1
-0.1932748,0.20700048,-0.001201441,-0.2938096,0
-0.18913479,0.011895675,-0.007077633,-0.001505824,0
-0.18889688,-0.18312407,-0.007107749,0.28893566,1
-0.19255936,0.012098521,-0.001329036,-0.00598049,1
-0.19231738,0.20723951,-0.001448646,-0.29908246,0
-0.1881726,0.012138235,-0.007430295,-0.006856748,1
-0.18792984,0.20736596,-0.00756743,-0.30187473,0
-0.18378252,0.012352672,-0.013604924,-0.011587985,1
-0.18353546,0.20766707,-0.013836684,-0.30853218,0
-0.17938212,0.012744974,-0.020007327,-0.020244893,0
-0.17912722,-0.18208443,-0.020412225,0.26605895,1
-0.18276891,0.013322824,-0.015091047,-0.032991637,0
-0.18250245,-0.1815795,-0.01575088,0.25489196,1
-0.18613404,0.013763759,-0.01065304,-0.042717148,0
-0.18585877,-0.18120383,-0.011507384,0.2465857,1
-0.18948284,0.014080571,-0.006575669,-0.049704596,0
-0.18920124,-0.18094648,-0.007569761,0.24089642,1
-0.19282016,0.014282784,-0.002751833,-0.054164574,0
-0.1925345,-0.1807996,-0.003835124,0.23764886,1
-0.1961505,0.014376929,0.000917853,-0.056241307,0
-0.19586296,-0.18075816,-0.000206973,0.23673107,1
-0.19947812,0.014366737,0.004527648,-0.056017138,0
-0.19919078,-0.18081984,0.003407306,0.23809086,1
-0.20280719,0.014253269,0.008169123,-0.053515367,1
-0.20252211,0.20925714,0.007098815,-0.34360972,0
-0.19833697,0.014034921,0.000226621,-0.048696734,1
-0.19805628,0.20915362,-0.000747314,-0.34130815,0
-0.19387321,0.014042311,-0.007573477,-0.04886098,0
-0.19359235,-0.18097022,-0.008550696,0.24142286,1
-0.19721176,0.014272816,-0.003722239,-0.05394487,0
-0.19692631,-0.18079557,-0.004801136,0.23756135,1
-0.20054221,0.014394646,-4.99E-05,-0.05663213,1
-0.20025432,0.20951732,-0.001182552,-0.3493308,0
-0.19606398,0.0144122,-0.008169169,-0.05702101,0
-0.19577573,-0.18059167,-0.009309589,0.23307332,1
-0.19938757,0.014662053,-0.004648122,-0.062531546,0
-0.19909433,-0.18039295,-0.005898753,0.22868125,1
-0.20270218,0.0148128,-0.001325128,-0.0658565,0
-0.20240593,-0.18029013,-0.002642258,0.22640805,1
-0.20601173,0.014869485,0.001885903,-0.06710718,0
-0.20571434,-0.18027945,0.000543759,0.22617017,1
-0.20931993,0.014834723,0.005067162,-0.06634119,0
-0.20902324,-0.18035951,0.003740339,0.22793613,1
-0.21263044,0.01470879,0.008299061,-0.063564606,0
-0.21233626,-0.18053116,0.00702777,0.23172513,1
-0.21594688,0.014489669,0.011662272,-0.058732744,0
-0.21565709,-0.18079753,0.010487617,0.23760678,1
-0.21927303,0.014173025,0.015239753,-0.05174968,1
-0.21898957,0.20907317,0.014204759,-0.33958566,0
-0.2148081,0.013752019,0.007413046,-0.04245741,1
-0.21453308,0.2087669,0.006563898,-0.33279225,0
-0.21035773,0.013552129,-9.19E-05,-0.038046654,0
-0.21008669,-0.1815685,-0.000852881,0.25460726,1
-0.21371806,0.013565615,0.004239265,-0.03834456,0
-0.21344675,-0.18161687,0.003472374,0.25567287,1
-0.21707909,0.013455332,0.008585831,-0.035912786,0
-0.21680997,-0.18178868,0.007867576,0.25946665,1
-0.22044575,0.013220075,0.013056909,-0.030724393,1
-0.22018135,0.20815237,0.01244242,-0.3192593,0
-0.2160183,0.012855446,0.006057235,-0.022678604,1
-0.2157612,0.20789,0.005603663,-0.31344426,0
-0.21160339,0.012688681,-0.000665223,-0.018999401,0
-0.21134962,-0.18242373,-0.001045211,0.27347356,1
-0.2149981,0.012713125,0.004424261,-0.01953884,1
-0.21474384,0.20777135,0.004033484,-0.31082258,0
-0.21058841,0.012592165,-0.002182968,-0.01687035,1
-0.21033657,0.20774536,-0.002520375,-0.31024122,0
-0.20618166,0.012659403,-0.0087252,-0.018354218,1
-0.20592846,0.20790538,-0.009092284,-0.31377724,0
-0.20177035,0.012914133,-0.015367828,-0.023975529,0
-0.20151207,-0.1819841,-0.015847338,0.26381934,1
-0.20515175,0.013360426,-0.010570953,-0.033819582,0
-0.20488454,-0.18160835,-0.011247344,0.25550944,1
-0.20851672,0.013672366,-0.006137156,-0.040699754,0
-0.20824327,-0.18136105,-0.006951151,0.25004053,1
-0.21187049,0.013859479,-0.00195034,-0.044826794,0
-0.2115933,-0.18123445,-0.002846876,0.24724014,1
-0.215218,0.013928043,0.002097928,-0.04633939,1
-0.21493943,0.20901985,0.00117114,-0.33835965,0
-0.21075903,0.013881252,-0.005596054,-0.045307655,0
-0.2104814,-0.18116,-0.006502207,0.24560443,1
-0.21410461,0.014054203,-0.001590118,-0.04912234,0
-0.21382353,-0.1810449,-0.002572565,0.24305847,1
-0.21744442,0.014113692,0.002288604,-0.0504348,0
-0.21716215,-0.181041,0.001279908,0.24296932,1
-0.22078297,0.014062645,0.006139295,-0.049309615,0
-0.2205017,-0.1811468,0.005153102,0.24530397,1
-0.22412466,0.013901175,0.010059182,-0.045749098,0
-0.22384663,-0.18136357,0.0091442,0.25009054,1
-0.2274739,0.013626619,0.01414601,-0.03969415,1
-0.22720136,0.20854288,0.013352128,-0.3278805,0
-0.22303051,0.013233421,0.006794517,-0.031017015,1
-0.22276583,0.20825727,0.006174177,-0.3215485,0
-0.21860069,0.013047951,-0.000256793,-0.026924869,0
-0.21833973,-0.18207031,-0.00079529,0.26567703,1
-0.22198114,0.013062976,0.004518251,-0.027256638,0
-0.22171988,-0.18212348,0.003973118,0.26684842,1
-0.22536235,0.012941545,0.009310086,-0.024578713,0
-0.22510351,-0.18231268,0.008818512,0.27102706,1
-0.22874977,0.012682335,0.014239053,-0.018861484,1
-0.22849612,0.20759721,0.013861823,-0.30701804,0
-0.22434418,0.012280514,0.007721463,-0.009995876,1
-0.22409858,0.20729089,0.007521545,-0.30023262,0
-0.21995275,0.012062536,0.001516893,-0.00518707,1
-0.2197115,0.2071627,0.001413151,-0.29739103,0
-0.21556824,0.012020632,-0.004534669,-0.004262738,1
-0.21532783,0.20720732,-0.004619924,-0.29837295,0
-0.2111837,0.01215153,-0.010587383,-0.007150638,0
-0.21094066,-0.182817,-0.010730395,0.28217313,1
-0.214597,0.012456355,-0.005086933,-0.013874712,1
-0.21434787,0.20765088,-0.005364427,-0.30815828,0
-0.21019486,0.012605784,-0.011527592,-0.01717196,0
-0.20994274,-0.18234897,-0.011871032,0.2718517,1
-0.21358971,0.012940346,-0.006433998,-0.024551634,1
-0.21333091,0.20815398,-0.006925031,-0.3192576,0
-0.20916784,0.013131329,-0.013310183,-0.028766586,0
-0.2089052,-0.18179724,-0.013885514,0.2596873,1
-0.21254115,0.013520154,-0.008691768,-0.03734277,0
-0.21227075,-0.18147609,-0.009438624,0.2525852,1
-0.21590027,0.013779362,-0.00438692,-0.043059845,0
-0.21562468,-0.1812794,-0.005248117,0.24823575,1
-0.21925028,0.013917098,-0.000283402,-0.046097923,0
-0.21897192,-0.18120079,-0.00120536,0.24649557,1
-0.22259595,0.013938357,0.003724551,-0.046567306,0
-0.22231717,-0.1812368,0.002793205,0.24728842,1
-0.22594191,0.013845145,0.007738974,-0.04451216,1
-0.225665,0.20885527,0.00684873,-0.33474335,0
-0.22148791,0.013636523,0.000153863,-0.039908588,1
-0.22121517,0.20875627,-0.000644309,-0.33254296,0
-0.21704005,0.013643493,-0.007295168,-0.04006329,0
-0.21676718,-0.18137309,-0.008096434,0.25030905,1
-0.22039464,0.013863538,-0.003090253,-0.04491663,0
-0.22011738,-0.18121396,-0.003988585,0.2467897,1
-0.22374165,0.013964725,0.000947208,-0.047148652,0
-0.22346236,-0.18117079,4.24E-06,0.24583298,1
-0.22708577,0.013951095,0.004920895,-0.046848614,0
-0.22680674,-0.18124107,0.003983922,0.24738283,1
-0.23043157,0.013823756,0.008931579,-0.04404082,0
-0.2301551,-0.18142512,0.008050762,0.25144666,1
-0.2337836,0.013580944,0.013079695,-0.03868606,1
-0.23351198,0.20851292,0.012305975,-0.32721367,0
-0.22934172,0.013217945,0.005761701,-0.030675543,1
-0.22907735,0.2082568,0.00514819,-0.32153505,0
-0.22491223,0.013061913,-0.001282511,-0.027233029,0
-0.22465098,-0.18204162,-0.001827171,0.265045,1
-0.22829182,0.01310636,0.003473728,-0.028213697,0
-0.2280297,-0.18206523,0.002909455,0.2655632,1
-0.23167099,0.013015071,0.008220718,-0.026200637,1
-0.2314107,0.20801817,0.007696706,-0.31627855,0
-0.22725034,0.01278744,0.001371135,-0.021178309,0
-0.22699459,-0.18235415,0.000947569,0.27193692,1
-0.23064166,0.01275427,0.006386307,-0.020446997,1
-0.23038658,0.20778406,0.005977367,-0.31110814,0
-0.2262309,0.012577456,-0.000244796,-0.016546147,1
-0.22597934,0.20770292,-0.000575719,-0.3093063,0
-0.22182529,0.012589173,-0.006761845,-0.016804993,1
-0.2215735,0.20780744,-0.007097945,-0.31161368,0
-0.21741736,0.012787328,-0.013330218,-0.021177646,0
-0.21716161,-0.18214095,-0.013753771,0.26726982,1
-0.22080444,0.013174572,-0.008408375,-0.029719228,0
-0.22054094,-0.1818258,-0.009002759,0.26029894,1
-0.22417745,0.013423509,-0.00379678,-0.035209913,0
-0.22390899,-0.18164378,-0.004500979,0.25627267,1
-0.22754186,0.013542132,0.000624475,-0.037826527,0
-0.22727102,-0.18158877,-0.000132055,0.25505337,1
-0.23090279,0.013535068,0.004969012,-0.037671212,0
-0.2306321,-0.18165779,0.004215587,0.25657535,1
-0.23426525,0.013403727,0.009347094,-0.03477495,0
-0.23399718,-0.18185101,0.008651596,0.26084235,1
-0.2376342,0.013146378,0.013868443,-0.029099235,1
-0.23737127,0.20806673,0.013286457,-0.31737447,0
-0.23320994,0.012758082,0.006938969,-0.020531235,1
-0.23295477,0.20777984,0.006528344,-0.3110168,0
-0.22879918,0.012565488,0.000308008,-0.016282182,1
-0.22854787,0.20768303,-1.76E-05,-0.3088679,0
-0.2243942,0.01256132,-0.006194993,-0.016190547,1
-0.22414298,0.20777157,-0.006518805,-0.31082162,0
-0.21998754,0.012743092,-0.012735236,-0.020201633,0
-0.21973269,-0.18219393,-0.013139269,0.26843613,1
-0.22337656,0.013113046,-0.007770547,-0.028361881,0
-0.2231143,-0.18189661,-0.008337785,0.26185927,1
-0.22675224,0.013343358,-0.003100599,-0.033441797,0
-0.22648537,-0.181734,-0.003769435,0.25826123,1
-0.23012005,0.013441569,0.00139579,-0.03560823,1
-0.22985122,0.20854348,0.000683625,-0.32785043,0
-0.22568035,0.013411799,-0.005873384,-0.034952007,0
-0.22541212,-0.18162544,-0.006572424,0.25587204,1
-0.22904462,0.013589734,-0.001454983,-0.038876675,0
-0.22877282,-0.18151133,-0.002232517,0.25334683,1
-0.23240305,0.013642436,0.00283442,-0.04003943,0
-0.2321302,-0.18152004,0.002033631,0.25353643,1
-0.2357606,0.013572808,0.00710436,-0.03850436,0
-0.23548914,-0.1816503,0.006334273,0.25641158,1
-0.23912215,0.01338065,0.011462504,-0.034266714,0
-0.23885454,-0.18190378,0.01077717,0.2620106,1
-0.24249262,0.013062682,0.016017381,-0.027253691,1
-0.24223135,0.2079513,0.015472308,-0.31484023,0
-0.23807234,0.012612419,0.009175504,-0.017318284,0
-0.23782009,-0.18263991,0.008829137,0.27824545,1
-0.24147289,0.012354981,0.014394047,-0.011639761,1
-0.24122578,0.20726758,0.014161252,-0.29974666,0
-0.23708044,0.011946666,0.008166318,-0.002631407,1
-0.2368415,0.20695056,0.00811369,-0.2927266,0
-0.2327025,0.011713864,0.002259158,0.002504179,1
-0.23246822,0.20680334,0.002309241,-0.2894651,0
-0.22833215,0.011648539,-0.003480061,0.003945241,1
-0.22809917,0.20682022,-0.003401156,-0.28983366,0
-0.22396277,0.011746938,-0.009197829,0.001774649,1
-0.22372784,0.20699959,-0.009162336,-0.29379606,0
-0.21958783,0.012009453,-0.015038257,-0.004016823,1
-0.21934766,0.20734382,-0.015118593,-0.30140632,0
-0.21520077,0.012440568,-0.02114672,-0.013529555,0
-0.21495196,-0.18237182,-0.02141731,0.27240703,1
-0.2185994,0.013049075,-0.01596917,-0.026953304,0
-0.21833842,-0.18184027,-0.016508237,0.2606487,1
-0.22197522,0.013513403,-0.011295263,-0.03719508,0
-0.22170496,-0.18144476,-0.012039164,0.2519028,1
-0.22533385,0.01384701,-0.007001108,-0.044553082,0
-0.22505692,-0.18117385,-0.00789217,0.24591273,1
-0.22868039,0.014059925,-0.002973915,-0.049249083,0
-0.22839919,-0.18101926,-0.003958897,0.24249406,1
-0.23201957,0.014159018,0.000890985,-0.051434968,0
-0.23173639,-0.18097569,-0.000137715,0.24152894,1
-0.23535591,0.014148221,0.004692864,-0.051197425,0
-0.23507294,-0.1810407,0.003668916,0.24296243,1
-0.23869376,0.014028648,0.008528165,-0.048560962,0
-0.23841318,-0.18121454,0.007556945,0.24680042,1
-0.24203748,0.013798667,0.012492954,-0.04348932,1
-0.2417615,0.20873927,0.011623167,-0.33220458,0
-0.23758672,0.013453819,0.004979076,-0.035879046,0
-0.23731764,-0.18173918,0.004261495,0.25837067,1
-0.24095242,0.013321676,0.009428908,-0.032965086,0
-0.24068598,-0.18193421,0.008769606,0.2626778,1
-0.24432467,0.01306147,0.014023162,-0.027226262,1
-0.24406345,0.20797954,0.013478637,-0.31545195,0
-0.23990385,0.012668215,0.007169598,-0.01854897,1
-0.23965049,0.20768662,0.006798619,-0.3089612,0
-0.23549676,0.012468458,0.000619394,-0.014141962,1
-0.23524739,0.20758152,0.000336555,-0.3066294,0
-0.23109576,0.012454776,-0.005796033,-0.013840349,1
-0.23084666,0.20765936,-0.00607284,-0.30834633,0
-0.22669348,0.012624471,-0.012239767,-0.017584797,0
-0.22644098,-0.18231983,-0.012591463,0.27121136,1
-0.23008738,0.012979515,-0.007167236,-0.025416236,0
-0.22982779,-0.18203892,-0.007675561,0.26499677,1
-0.23346858,0.013191735,-0.002375625,-0.030097196,1
-0.23320474,0.20834768,-0.002977569,-0.3235287,0
